purchase_intent_segment,visitors,final_anomalies,avg_purchase_intent_score,avg_anomaly_risk_score,avg_total_events,avg_addtocart_count,anomaly_rate
Cold Visitor,22436,62,0.156654288498356,0.2765226188375782,2.2437154573007665,0.02273132465680157,0.0027634159386699946
High Intent,179,174,0.9744610003918909,0.9641329262136754,134.43016759776538,12.273743016759777,0.9720670391061452
Low Intent,45719,571,0.29559171403113277,0.31958805184512784,3.1140007436733086,0.03250289813862945,0.012489337037118048
Strong Intent,1446,923,0.8652261111004224,0.7819737706649925,18.88243430152144,2.071922544951591,0.6383125864453665
Warm Intent,9218,1148,0.6360513989450514,0.6433422125492371,6.986439574745064,0.6380993707962682,0.12453894554133217
