feature,PC1,PC2,PC3
Log total events,0.4924609131539555,-0.2768695925626976,-0.11332611210419236
Log views,0.42090064767136837,-0.3903990144632364,-0.12437173691266828
Log add-to-cart,0.42902299426159485,0.3407487159368875,-0.010093520662637297
Log unique items,0.4119711584974099,-0.29813806676427473,-0.2366758579551528
Log activity hours,0.1856679044257289,-0.21095286723905723,0.9539091930547724
View share,-0.30989623911292546,-0.5106049019336496,-0.05305079584743336
Cart share,0.3098962391129256,0.5106049019336497,0.05305079584743335
