cluster,visitor_count,purchase_rate,avg_purchase_intent_score,avg_total_events,avg_views,avg_add_to_cart,avg_unique_items,avg_activity_hours,avg_cart_share,avg_view_share,visitor_share,dominant_existing_segment
0,6479,,,2.5250810310233063,2.5250810310233063,0.0,1.8115449915110358,30.78368931277975,0.0,1.0,0.809875,Unavailable
1,512,,,4.234375,2.591796875,1.642578125,2.12890625,20.694456064453124,0.40772527539061754,0.5922747246093825,0.064,Unavailable
2,1009,,,13.389494549058474,12.946481665014867,0.44301288404360756,8.238850346878097,122.37264895275851,0.01974547287554912,0.9802545271244509,0.126125,Unavailable
