feature,normal_standardized_mean,outlier_standardized_mean,standardized_gap,absolute_gap
View share,0.03670479253185269,-0.8809150207645017,-0.9176198132963543,0.9176198132963543
Cart share,-0.036704792531854186,0.8809150207645,0.9176198132963542,0.9176198132963542
Log add-to-cart,-0.02834886184456226,0.6803726842694966,0.7087215461140589,0.7087215461140589
Log total events,-0.026316310277478227,0.6315914466594623,0.6579077569369406,0.6579077569369406
Log unique items,-0.019227690369154823,0.4614645688597145,0.4806922592288693,0.4806922592288693
Log views,-0.01862698720203278,0.4470476928487739,0.46567468005080664,0.46567468005080664
Log activity hours,-0.0042748106381833,0.10259545531639835,0.10687026595458166,0.10687026595458166
