eps,min_samples,cluster_count,noise_count,noise_rate,non_noise_rows,silhouette_score_no_noise,sample_rows,silhouette_evaluation_rows,selected
0.5,3,64,314,0.03925,7686,0.33707344876748774,8000,3000,False
0.5,5,30,445,0.055625,7555,0.356204973215241,8000,3000,False
0.5,10,23,545,0.068125,7455,0.36297572873539,8000,3000,False
1.0,3,24,106,0.01325,7894,0.5438155713218987,8000,3000,False
1.0,5,12,161,0.020125,7839,0.5627662010635843,8000,3000,False
1.0,10,7,229,0.028625,7771,0.5610846163029752,8000,3000,False
2.0,3,4,20,0.0025,7980,0.6494419075774039,8000,3000,False
2.0,5,3,24,0.003,7976,0.6520849399816749,8000,3000,True
2.0,10,2,54,0.00675,7946,0.6467843618371285,8000,3000,False
