component,explained_variance_ratio,cumulative_explained_variance
PC1,0.43841999779157953,0.43841999779157953
PC2,0.37096894339593756,0.809388941187517
PC3,0.12174094390678533,0.9311298850943024
