component,explained_variance_ratio,cumulative_explained_variance
PC1,0.4783893037710409,0.4783893037710409
PC2,0.17069272048249629,0.6490820242535371
PC3,0.15634464922744956,0.8054266734809867
PC4,0.11186552838085813,0.9172922018618449
PC5,0.07943961921805719,0.9967318210799021
PC6,0.003268178920097906,1.0
PC7,9.216541155791464e-30,1.0
