method,eps,min_samples,cluster_count,noise_count,noise_rate,silhouette_score_non_noise,sample_rows
DBSCAN,0.5,10,12,443,0.03691666666666667,0.7358197020899921,12000
DBSCAN,1.0,10,6,196,0.01633333333333333,0.8292908903591364,12000
DBSCAN,1.5,20,4,157,0.013083333333333334,0.8363410573453722,12000
DBSCAN,2.0,20,3,118,0.009833333333333333,0.8369497952512891,12000
