method,k,inertia,silhouette_score,davies_bouldin_score,cluster_count,sample_rows
K-Means,3,220532.71303119144,0.8601250694107581,0.9114633382724099,3,60000
K-Means,5,146911.9387462085,0.8617368133035918,0.734878824869623,5,60000
K-Means,7,105326.5834606619,0.8093806830633096,0.8065963719383118,7,60000
